{
	"groups":[{
			"keys":"common_bghei_png,aocao_33_png,icon_circleempty_png,icon_circleslelected_png,Tes_png,result_png,title_png,bkg_png,board_png,btnBkg_png,submit_png,close_png",
			"name":"preload"
		}],
	"resources":[
		{
			"name":"common_bghei_png",
			"scale9grid":"10,10,37,37",
			"type":"image",
			"url":"assets/common_bghei.png"
		},
		{
			"name":"aocao_33_png",
			"scale9grid":"17,12,124,31",
			"type":"image",
			"url":"assets/aocao_33.png"
		},
		{
			"name":"icon_circleempty_png",
			"type":"image",
			"url":"assets/icon_circleempty.png"
		},
		{
			"name":"icon_circleslelected_png",
			"type":"image",
			"url":"assets/icon_circleslelected.png"
		},
		{
			"name":"Tes_png",
			"type":"image",
			"url":"assets/Tes.png"
		},
		{
			"name":"result_png",
			"type":"image",
			"url":"assets/result.png"
		},
		{
			"name":"title_png",
			"type":"image",
			"url":"assets/title.png"
		},
		{
			"name":"bkg_png",
			"type":"image",
			"url":"assets/bkg.png"
		},
		{
			"name":"board_png",
			"type":"image",
			"url":"assets/board.png"
		},
		{
			"name":"btnBkg_png",
			"type":"image",
			"url":"assets/btnBkg.png"
		},
		{
			"name":"submit_png",
			"type":"image",
			"url":"assets/submit.png"
		},
		{
			"name":"close_png",
			"type":"image",
			"url":"assets/close.png"
		}
	]
}